query_sha_sum,query_result
324b95121fcf8e14397c2cc8f9283f93223d6614a1411aee1a83b65dd8086ce0,CaqinBqhSi4C0XzG2TlyEHx/OVWQ1xO1RaFOOaQyySpSekcknzheLHXcMwuS+s62nW26bHBKmpTk5YxYQrKRGVmJRZcKWDEySzS+R+4OuGY=
ecbf457dd773eec6c79335c6222c710a8e27055af1a94a6e1141003851af97fa,ljaVb50Xc1xbcJxVeSmlMww++cD4rzN+Ysg3Eu3fp36oFuan2NgJibgXVShTh6+7zB1OQ/5gRR5h9XiI+nfYkNbWNvst2fNQe+H0uZU1mtM=
b2d455a2200310dcc2660bfb35d43fd06e7c6beb27eb0ba25cff3e596a6df50e,PNMctuR1cMOHa5711ylmGWCx/n5HfZRnuEWnSplpexvpqQg/pegtRrbW/7ZM2ToM14HoV1mmzOzh/a0eY84TZAF84Vv3QRznLWtS4U/J2o8=
0591a10408fa8e7d5b8b66e94a06a53598d0975ba3a059492144ea068fd4b61d,4wxrEr22xKMcYpQl5eelxSDjNpjzlPUYhbu1j8WN4E57BF/QARvMvaoWYqpOfVbqN9TG86Q5vx4BorzfEuTQVUVL6fyZH3ZUaLkDp4u9ZQE=
0f3c4b1e376e049412d2e0905f1204561d7174b51793064a7fb74e5e699d558e,sFJNdZQNDIWODURHphdhheD15xaj8NSvrRl0BfTPe7HWzFB4glHw3pXI+S9BJ6bntlUWY2EGmlLSIxavBLRbuPV0w64rPdXcLMFfmbhZ4Kg=
354d7ca4712492b6eb500c8a006ce5e26c21cfa98823c8650944aaa0759f3111,cE2ZAyMfBbgnRtQ2/opTCnhxDhJWXB5YwG2zyvl3TFm+EKsq8AtQrK6fYE713kDRy6tAlUauLkh8iRXgSKNE6FA/fWNtT3fLRQJ8X9E5Weo=
7890156b9da7f6b90109fa9df0c07569a21ed77bdf0107026c49e74b7a1cfccb,6vYH0UNSv9pvh1ZTjuVkaY5P4QtZ4KfTVAy2yGa3cnI0d6i9VvD/ti0njhs0mD+P++nIRDV6YpWUlN32sVSiZxkYOgpU33N4ERFK/5wABGg=
03b747e15825d1e337279bcba163fcc2a4eb0c3205cb21c1db75c1e4aa6ff9c6,iMUooyOQhao/BcvOx8gYGJmfhm9khDaq0I2I1zsUYqx6KUnDCm9LUzd1pV9xJ8wheax2jz0/Bwbk3fEBYZ81uJpVjC2sCm48Vgqr83Av7lQ=
f1b0a9f6a0b11d50f2b0a0ae27dffa3fcdf9833a9a1f58534fad6237545bbb18,YvBV/LUbCjA4JyWLhD1XE/fjZWqp2goSSR7zrZ3FXH/pH1WSHGIj0Xr7OCER4nNSqyisTu0R8AuIdBANgP3cp0qQPUsq0PpvLa7SOj07Rqg=
10cd8594b2adfc30eb4c4cd4b8415fea428b9b952246772b89bb6ac2625abfdc,bq2OpoJPQ6tTqtL4PHB+YjtAzWOuAWHUy5/pWSA1mk+Lj48M6PTQOI7v1O2gQMpMlDiJXUwZrnHlRQGb+n+eNGDKK+a/gV9Jl5kjtCzoVYE=
12ea5fb9c34a908f0563d7f7c71801239dab8fae1cbd1cb7d55ea3225b22916c,1rdPWYe6V2n+q8yxpCk18Rp0T3xNCjaIj6q8wf9M40Y0STrWePJvGuoGqNdkGkJAFTcpGU3YOE8hy/b1Lef5KD/BrvxR0wGlxLad+O1qdPg=
13da641407b571030beddd50312e64b59aee46a4c5904c53460466164c884a3c,+jyBTyL69DxDUICQqB/7CBr96LcsPCgGYD1B5gwF8dVOUBadw06ExboGSTO/Ie8MseKKd936tm5K3/cfjLfoG3zseIMYvgLDa3aCm4Eq43k=
f92aa8d798ba2198d37424f059f9bb04975f9b3865122ac8271c5eacd0c153b1,a7VMGKUt1fjS6pPK9Nt9mMO4ZYF/N10e3iKIjqew+FTTE6bQAPxmsP0YcI52cCtDmD3s4zMuHuYynWyh8V/acEu4Co/j4HBKB/3QhJNhtd8=
ded57f002d365743904ebc2bcbe684dcc53bed732b16f5638033fa99c0954e4c,ez4cIQY71Uq0QPxUyTbQJgVHmM+X0KcCQ2JNNFnnjS5JXQJ2ZrmYxxy0tYc66fnmeapn3jcDloEc6gTnUEBD2557/ibh/MqTOh/VZFpW1ZA=
8aed20ec3337cbc84547cf88a4962ebbe6c159190f1f9dba7c8a640e92814c5d,Lro/kEfMaZzPIA9e4BYIoXEUfAKOU4Z7EBqJQLGZ+ueAmu4ZgWNOa+RUtIium4UdubI8D9w0bffv4v7rFKVQDRJUh7RUEYKnHCgBezLTiuw=
d68e792c4f133406deeee6be18f561d44984e2fd7feddcc7ab884bd362ac267b,z36H83aX9jWtKC1SgxWyENHS82IsWDnM3cFKm0KKJZNgzfH0kKbPTr6NvvmoJ2wNxGvwnbFtAWGop/dZeQ9MRR0UsKVI3dVhZ6qqp/Ck0NE=
006be0926a86e0e803d346e5fe87333f7ab36891e7e59651a99ed0bbdfa6fda2,Xy83M9dggdiOkO/XIcFMcL1pNqQ6qoKDDd2VlCCXS7Dp0wcLjYJP6lq7nDn5ThPvp3h2h65UK6n7RuLFJRaNzCwGG5dMwYIRgiNvrm5XxoA=
c8fd377935f2dafda5e242d11c4eb82a419cbf96f5ce11444db01a1250849b24,27xA6tDi+t3fKjgP1f2++ZJl6QI30ed3gPm3NsWeBQVbAjHX2lBFH3wGqzzuuqLa3nyKInIe/20SW1ZnukiyBfkVPYvSH6hnrTMoLCYYLSY=
adce188136777bd13e3a0c44f322c33a23489938f16e1e51e45f7f1886278606,/8ZvPZ/SrJV9FkKgbVXo0etRIKvll/C55dtsmgmfjKui/STlBPQzjBqV9zgWmZm4MVUbqJMYn5ppfVBtIF5/9P7OPaGB/LpFNW7/e+ehx3U=
1df214cfb69dc6e5fb0bad7826e3ab54c8518448b0497d3d598da65a75fb44eb,y1FfEgnxPX1aLadU2fQAg6DQxiLjukC59RCNdiGe0uovD3TnrWVAhcIClL/al3kgFHYUTJMS7nMTR1i26CN+IYv2R4645yoFROq5DzWlyiQ=
a78f29c3688d70be5240e764b36fef6f3d899e3139339689e6e78727a13479ce,6uYwzwIACCl0d4pjysoEEVjWSK5z42Z84mgmkPKfSp7zjhWjih4iPRWbxSpIRGVX/PszO7aYTsop7Mhlj777HMLjSrjFR45OWNGuEEZrrMo=
ee16f44a2aab1530f55e4f8c2df62d916614ff04be4f017e45fe8c1229b4d7c5,GzIaBo69YyowNNoOX5MAI75gGkCedAKsHJhPB7EHzIhPwzu5MJy7CTM9TRIl91j2tCLMLl8JQOv2QLPX5Hj2D5tgTo9/Kpt1yNeLyNx44lM=
f178ed3bb53e796f86f8a439db8d117a77912cc00d7b4ffe740fe0ad19225a74,08qFWZvhl8KCBjTn11Szt2FwD7fYl3TI4QDFB3x+z7ZQrG3iyjVFV23hDaM1jNNCLoQ5Abfl5AuA6Ltsh2EeUTY2+jvEGZqbt6QTQu84bMs=
45b9560488e1ae347389369618b88095fc69e18937f639674ad77277b97b0447,po4P+xzum0lcIas0rfHNxvl8FfqSN5YoUF8YjGB/kpSBQ5IzKpeX5LjXxFUCFQs8DhWzHcZYq8UMvIBvJ4tjBoZfOn7IcK3ki9eJr99sXuY=
49206dc5aecc3e2b846463fd7a4562fb3c72e17cd114587289aadd283d27032c,Xu/yKDFkpvGDHFS8gdnB1MD5Ii1sfb57TqgkpB8/YEr200kQ4GPNnNTirP5cKCI+9tpUIAwPc6ikZ1xSnznFOkqirMg7tg4hM/Pixo8kWVA=
116999d98acf47b94b8d822be5f36bc70e82fcb430c595e7f960706ace73b14f,/xFeCpmvccuCiEKIF16y443yRQW28PDNquym9Ab3+t8MZoAUQtgDoe8Og0QgqaE8diTRvAERxf9iIgtS78Kx7LYgiXug8DbHA6YOOQt4Clc=
aee149c7ebdd2e80d011074a4075985ddb4c247eacc88d2d8888f3fb14074dc2,smJcgA8WADnR72IgKMZQrarpZ6+zz1tQ9TF+NoP5dWVlrl0gJ2EwdnjEQfBduXaLwNEwofSbZo7xegW7Si23N+9035ZlN/wckWiKiQD+kQg=
07a03f2f26de670c9a5b8c7b70ddd2f6a460255256542aaeb3c74c5953883ae1,tQ42UyufuyMWl0IVxN7q/sJ056KZFhVOhziGPi/VT37me3NRJq07dEOqeoETCO7IJkS/W5KlaAs3sztCpQCpedVNnzv90lXUTPN81eKZzXw=
0d52c8d526e809dc4fe4ae17bf3711844a448b1e8ecdca1d66f69e5e651c468b,lMBYv2S3zdfEBmDDKnjzPmMq+pd0WDDI9jMfh8c2Rl7sftJX+xbyypOVTuz0fk1eOXhyEY8W3vZ+3Or4ex1WMrv8wiGm3jdmucGZqvWHVs8=
306a123144f4a417148e071655e936e581f7bc7f922aac4d3b595c2d5c35abaf,aN+5R3H1b8Q/tSUiIqDMUY1OuzHKyeqyeKAMzE7NCQ37NO/YdLPGkCgSXA8G4zz83zUs9s3EAAu1e/x1IY4GinCUarWc2mbdKcaLERQqH7M=
20b7a172ef2ee77d3a75688961e729f1c0fe25ebf5a2c4431eff20dae0befb6a,VRTzM5zcF8ZZdSsEQwhRqW2CmCFMkWpHBR2E2EF7UwTsOv4A2xznp2kSswtoRHT2/DLVoGZ1QP3b+sxTTWBYj57TDKZYfs5uKKsu//z1kB8=
18c2ccd237df4b5ab4f024e42a779a1a631964555b3bca88f926e0da5fd3afd6,5B0kMjUAzexgHXbyF1zUs48/Ay9j8Qp2C44JAtkXhw5h0iV3KqJOfz+eQ0aDt9lFz+w9KZKol2lJhNs7ZG3aftIqCeubgYePntHZyQbdSo0=
3d7b8a5dc22b2c716caa7cbb0b1f1cf32e83b1abbee8d7c1be14c5a9dbc9bdbe,otpRhHdJeoUY5cGttKb4RDFVjYv2dC92AVq42b0fMRQ8PbCTKkUrYP1lsw4OTZKiQRL3lgjV65+G+OdGdy6eHU67SRSAC6JEWrALw6A/O5I=
2b80ed8c48d695ef62dbfc2a5f9f90e6359776ec6d6b8237db067f04fcf265ae,cYQg4LPK/AwD04EPljmPKbdlhX0LfYtKTGz9VaWQKA4zgyVtG9CBdGUpQFochlvYOiYFjL37/8IEVSR/xiHAFycy/YD2z2t9XVBX5jt4J8w=
120b86ae20229017da79c318220e9d8079db4097c89b607d391de848372902ea,hoDJiP/NSoFNpfg9NfaQQJpy83oulJ0dTxR/Q9qRxn8KewXIfwaIBLVCBkW41jYGwhPS2FfLqn7aWSMj1n7DdJl5ozjxKdc3uWq6o94spaI=
a7c9baf969bf556a2ee9bb667ec675c8b1d15f1f32731882c7e2a37091172992,UicMmkVsK7Wdg+dwWTHzVXBQuGAm424UZ8YR/SrrJAEHYr5XPZsmPPDqPlwiEaKoFIDz4ryEiv3PekEdKMgwsZ6Z8lEJNCSgOfdzeXBWv28=
272669dadc1927f610d56658d2a3dff4594523f1c98366241cf00aaf8dc9b92b,JVtuYmCoenc/UYQoGdLoEDZteYqlGp/P4316tx2eb69DZ8jRUv6Hyha3TEyI2rxpU9vWUBkCxRfixPphswOYg2gPMmsgYjFT4AKGGJXBPH8=
171113d9eba27d91f7fa89b84bc4221a8c1879cf9ba8f9b765cb978b6e15a219,CI1T+qI+DfTrZs5A3RitIFoHxanToa+jGmYLjzhT+mgEeak/NTx/LOqwOt/1muXdtyljZPwhTCsIiHIw3KlmFMX2gqZ2skgAnIP+bpDKTIU=
a87eadbc0aa73422139b5184836bd48e9b3bc246fd84ed3f96265d976c01a6b3,OaBUlw4QBlV4snV/p/37xhvVSNHUz7Ewh2rqMAwHwiMBg4cIx3wfIOQUaoKFAea+K+8tHO4KLrEOIKz1DM33HciuwlHGBs+9M3/JajK+Y7c=
e799f04d4ba0050c320f5aef9454d5c601fd2d3c126ed93dbfab9aa0201ff58e,P76CJjP7z3qZVm9KUvdBqsjVE/LTewpanLzbNCrpHc8R6L4/0y0UPiLUnHe9a3uALFUoi2XPmYBH42f0KqDeN7QH4M4WLHUBv8TfXQmcEiQ=
e00c0c97ec6c15d35abba721443978a026ed8d44e2b22137df6a8d16dc95d82f,0orWf5b/C12+z5VU7Tk4BCjH9uVanJtUn0oig0fr53Y2mpaCEVPlhfSDjJmKPi1hDilq3bpY4Puj6+ic5azkcVEQ4b9ZdjAcDpuZX2WeAD4=
9200f9fadb483a5ccdf9a55b4749b225c6e60cbe76e1f4a28a8704741577e2e1,AYQ7EnkvD7V+rY2DpDi6yAdsmRUyctAtBDdcYKogAdr7PxR/FEWt6f62LGWpG/F/Q/M7wkDyCiD4+0A3uOMH7bnxhjuH84w7Rx/ZekQvTSo=
34250902657d36a715ab5fa96cbfc053b69087c531b819854b46defe3bfefaeb,1URB3ugc2wCxk7n8ZY9P4PL+owCW83OyfcNV7Pr+kZaDTUHi7bt53fdRtfUTCfJ9ZzS2J+ydGWuUq3/hzxz/KaZd/NUK8SoAFH76gnnRtNk=
9eaa97e557d35d66efb18a13967f09c571a390f5c4d1a00c71e31aede2afc3cf,1ZbZ6SmWnJMuCzPNY1pgJdoHh395qPOniiNeota496h6rR0RciJcbwkaYIwbkolyCrJgCqjOOaRciWDolY6bZDEo4PzW8k+sLAGTzntCuEc=
4e3cb0e8825c1c07b472d30964f220b2cf1b87a4d5e5981a274561100ea36ca5,XUwICC1CR+FclWgh2W78kjMp5B7FtuF/MKkmhddwQSmeoZJjTpIJ/SVUNRoT6r4BqCxMLe7bg53A/PYqNzTeXgfKbDgNf4MzUX8CbqOus1I=
41d6786fafebf900849fb5266ad89a02790d48cd1abf631bfa25c20ea0fbae3e,q2QNrNQz7r4yd73+bmkjkXXvF9yCh3X8F1cvGl+x6x8ECDimpldqeNhQz3iD74Z0rYH+lPJIvU6Co9FfrdCrH8WuPF9XYJPduv8urng/lLI=
0b28f8d53df885de83de7f84c1c33091c200cbc9d0c98980c35a5d7c9d12c017,ayzB2jqsJjMAnYglCoI2Ls5WLUzh1jXS01WJXrX4JjHzAORDPDeIWz+iTeuomS1QPBH2LNrbjYwl1qmbLY1gLaPNtAl5qUorw1jzqvTF4FA=
24a6be842c9f8562ec1e55ddb94068aeeee2a72920d3fe82e7967ef180b2daa1,tXVJ2eTx5cWXgnXMYVJ1lfKEral6mJ/amA3K+gUpnkbzahvfAoliYjTf+i/ZUoZ26+8h9DZcWs8QjHZiv63iHWzbhIJQywwlFav7iqaj01g=
887c2754bb10ec9352b368d2cdbb2e9989368e0f5fe7bf821e7c4655d7753aa1,GFQ9TNGFYsCCnTnf8FQmsIjfsEfWnesUkB1Ay0cnV7NbpVvQAHxeW67INTzK3X/ZSvGKDhjfbdQhVFIRKCSkRkD30h0ZJMlIgC32JZKY4eg=
50907eaf28c3e260a8c0ac2b7743ce602b72db2e5692fc1bc2cbc27e90e26ba5,op91GgH7UQm72Qiv/AZfmSR8/KwXUjYDnUdyoGMXo34UOlbgjZyBejZj7YwwN826/aWjdiAjQnx4rflus2bQASgvnhDiouc3PTpmgDHcmO0=
0510db636a92bd0ebd403fc9153614ebf945a96d6cb4e8ad953cc1468af335e6,Pmf/mYkReAs6RGnx8pgV/Y1jiKNRXPPT9Nqu9DvwDQnWJ8tfe8WCneJExvn42M1WDK+ce3zPnm4qQ4W5143ibz0xZB8xddSAmBYq4TcbIHc=
5d150732dd66324f80be694ec90616d5bfb1e1ee7af5cd603f6dc723b64fef3c,VjpchJj/Fl+0SYNzuJUrJZqeNJ/J0oUy3TSwDmsYrVtDbFTQybQ7R3RTJRvqRFV2iCrmJN4wRjBjg0GXjUzZ6gLd326YOie+5av8i7x0fww=
dd03913ddd955083aab98bc5704143c784da8fbffefbc6463c2569e67631eaeb,wjghmPrhC5Q1YPMMEbPY6jW55e7LyS6V0aDeJwWsBkORLv+Xgslp2xnd3Z0giMxVxKKKroYtvSC5/sz1UgMucJto25dK84pJYLhlQ11FaZE=
f9e99b950e32f8cefa88101363cfcf5a5dd923ad8d5310206f7132bc336795a0,SLAAk1YO2n8abDW+exy1cd66sLDAiWXeqUDdAH5yWcRXtfLfl42/OaDSPWwheOKd3fabSx8NFyRqHfqalw8u+MbEJMJSBd45sypk7vuiRGY=
415b8b93f688fb8d53714bb1607f11b9e11b10e75c8768b56429e69731573ffc,KiF4XnAc27fFTtVv+k7tq9ckdGgnI8hyIiEgy5rc7pZnd1vDTSin4k6WvlqpEzQLQQvRVuYDlfWEy/cguG8vKy1nWSgMQ1ff+OdoU9W2q8M=
f7476e49b4ad474c27350d286ae82d1ba89e122fdc6b0630a7214b64ce191ca0,8gO69hL/cwA5/smQ4G5Y73CgOwdjgAGOBpP0SsakS3LcbcxvXEB3vl/piesXl/e/8k2yuRpi/U25/xPvVsOFOseJ1B0MnU30Qv5By/3wR2E=
431a814ad620a00c38c59200f3a786b62cbaa2a01cb72792e28f83f77a1b3ce7,KE01aAnAuQ4XEqT7HalyPa+QswH5QsPfy8ria8S4gHgyx2Y43vFbvzE8YAFhOyGjRy65eqUtcT0pvfoxJdcFnDQOoVJlOS2RMpWZI4r+VHs=
d915d7cf256251edb9aacafbf93c9fc03e7c108be9b5cfb78b5952110ac37b16,tbwRQ5+Ar/uDhM74QhAaMWbC4TnPEkmcGeq6YE1omOuXEDk0Ap/gaVUtz/9irSq4gLxPnuipDSGeftVIUOWk0Sm05FxL6VmdHhkS7S6R00Q=
935249d4f9f195dd7dc4bafd736e469c377d22c8e7b19a06ce497e801bcb3578,crO/FbxOOYo5LtOIBhItSHAog5iMR/C0Fv7RDJrQ9VDu31QovHdPYq967xCQxSwJLdPfV1C7Uqikf+vKIMkwLGM22Jrtklv9hPaW+Pkumkg=
9aab0f36781442da12d95e0114bf2c89f2f3285cffd1893a66fa8a9632543a3d,eu+mpBWuYrjNg+T4PzCbtBZMIBMzR5KrkGe0/7+yf0S99UiuAaenx3U9D5OH0Uddh8M+21oAbZ9SGZ+jMH2qqDGdKvrNo+e5mVDapcLCXZs=
d98fc42bb3a9c77641442572f0616ff000713fa76a2821da988c8eb1af2c8319,QucoqLbKicXQ9P5O60e9B0++mXzlWQSyJ2R5VcDcqRKyxq9tE1JhvB6cO/4XWL7Krod1WKK2D9ORchZkC5+QZxo4Cvvyd92tUTqSAAHXtuA=
e33e5e74bb036bb5f82a8d09128856ee6e4a857c4062047fba1dea75d793e610,7n6ZKwuajhHSo67zJdgekFjK4NA1VgvCWgSbXR1PVEqg8VcKVGvU7czskBNkpB4rcT1zEbZmKyoE4hPZC7CQ6jW/W4VLcv8bs3VtbmLeJu0=
ec9224822bf82b5bcbf77dfcf427d17c3e532c0f88a4831aa7ae896db1c20383,7Ovf14CuRwIyiQ4ErkkCuuEUk1tOd2CfaG3mAwTf4TVCskIn60ARHxo/a8o9BYTl7hZYWjrfH8UsvNUVEg7k2ztBBWWJrm6cosyz3Ac4FiA=
5bee7cae9fb548e9370d8a22570879eae5e2345564b8c76feaf894f29b5d837f,2j9vRkVCDPWAyxrfsOSu1SoRLxQ/6jKKahyC54kx8J2yBrM3qLPZ2kj5wWNPW/9bQivTKcB6feRZMiU2i38GfbuUgo8jUhv0DtKAIzk4Ro4=
a298640cc554ff2091a60a32dd9953915214bfead568ecf0cc223b485f070a57,fIivXyVZb8xfGhd5TQ+e8vnptgjhn51D3zWVLg/6wJCdmpgq1U0LWA2C1gUV6HeygUx4gXyJMl0Q/CHa0bdOp1UXFPou5iRbTQB3GfZNKz0=
9bc5aaa0257882b15ae1be182da1ee2b3a4164754bcb2ae30839a2796950fd23,+/zbBEhV0typZWawH9kBbW9Fom9RXd2BVm3Dh0aTC2g4KIpsS51Oz3ZDlalaebNyfcldn3rSWELCtSnJ1cvPowT+SdrrFiGC1DWVCY02nyw=
3386ac9880d2b4204f13f03b698ef614ddc3e604783afbc8491c1630ef06aa99,PpKxHNBiryVaCPzGB48bTCMWmUNckBZeugrTb+/USk8Lr+tzl5bKFGKBUgNPaqKEl8Fp3lvp9ssx7dydQHtkpAm/p5cocQp4w1cjhXfWK9M=
a72bbb26b7b51097109030026d9a72034835e3831ae9dd4d0e9dd127e52bc1e9,IltkhiC54uClCf/B7xnOotHbj7WD2+f8rEB8ULMjfSVG8PlOiniIdBeIEiX9pF34gFfZ6qqN01lFa5DnJ/MBg6GOpz/yPz/SGnjNPxw4hXI=
9efc2c66773eb9e5a3a03906e2a3b4e5b14271b834a6684a282525fde97f79f5,izBi0i/ayXnSYQRqKkXYBF9Eu1YzaF8enZkiUZt9AE+YOuiN0SYdzUJEritPJzfHHRAHX3Nuh+ldo9/vlls/Mi37hiRVzMAAjbEMwM9iW2g=
8b4c4db3e06857ce4764e5dec617a08fbc3514c67695b0f25b849857245cb8fc,KKu5HkZJJAY9XyFIPbStDbqUBhHXwkzcLw83nDeahz4gGFLFbCK5oujmEbL5N+DYHI36GKCbIXoO7dprF27UKnbJ7ZFrB8cK8ZoOmVv97kk=
f9178d9994d3090e5e95dbd69b154b6af69e9f566d605c90407f44f2c74daf8a,4ERCyyXOXLOI6/yNODhmiTS4U00EDFyTOyG6bf7YFcGWL2q4o2NoLsAdB3c4iUigsU+4omeV0LQt7wGK4GyQdsMJVvhiHbwYChrItb7h1Pk=
03e8a8bfdbbefb69dd402c939a86583e45128bacff086f31f008fd3b6cad9a0f,ms6lGkdDz0uxGlofmpv91DFeeZKlYDtCAMnc3ze+egGupdh8ukHecpdK+aRzaYB0q+92iNksyQKFm5S5NzDU88U+fCJHShP6oc8qN3bVeo4=
6ca4d3800ff668085a40f3f21b6723f14d30c055687e8a314dd5e6868a490791,8wlcgUG+IRLQyYDJWrRY3oD6v9+V6Vi3oo2ZxSQwjfMCWcXLIIKS3Opjz9GJ8/4ddGs8PloFHeM9B4x5dgw/l2C5WoI/BbeykPOh/40h9EU=
0f590f89f1f2a5dc5cdd438fd3936e25541d3f1b542a544510b62892e909dc59,8yLnq1rIQ+uF2F3QitQw1XhQ9wezbO9oiWInEuQ8a5C8zvS2pEgMqgunE8jEAF+JbuUZ6RV7a/fcgrDdb0EJ256+3PB8NOFBkX+B3mWPQpA=
96cbd79de51f82f161ae98a65d7fecd276f962a65e1d9cd75c51960863be20ce,QW2pqAWHSZVIGdtTYLXDF/TJ4U6m47ol4K6Y8+Hf8xdZwR9xBp8LmVzaWNhyGVNoQZPvcTwBiw9krL/Osius2BDjce53vZphXtUqkYrQv3c=
3278ce523f2e995c53b548cf81b5559b1e6bb33b54694af17b4fa60d5ae11f4f,SBViYnwVup47ReobpfGPpHzbTzTdydBbBfBmwD7cwkA2FeGlnqkO2fpyzQ6s/ltMGi4yToSw+locVWHmhSez96mMF9Mn8JKG+YXPYA/6S7s=
d1c4734437b2cf9fac0a0f2f29d676f257153e1cf652088bbe797cc184156a8f,Bz+zGvU8ee1W2xeTr99tMQb3O7B1tFyNxDL5UzOZf2mKebkIwaAqfsWD8UlTU1XDrtjo3n8qpDRqSf8dXQjxZVk555/tDH5wKbVD3vI/PCY=
9793f528aab8b8732d4b7e7637f1a440f5a16b91e947ab8d6eb69cc1f479aaee,jsF7+BR20W9gUF/qsIJpir2Kx2qpRXqz/nkaLcGEReTAn91nCDWWbpxlloQTty3js1ZvVmgjMaDJVZe+eYirRoL+6/iXXoAD2MuaI2j9U9s=
32044bb22c0a35db5b640bbe62faac3088d68ad2e8c40975fc1559853098dab1,AUgDNUybVmLM5gkOvT0ESXFapJzcP2JJQyYwaLeN9tlHOrbTA2/I7LMlW9lTVhJoqms4TVkZG9D2y48X1Ki5e0IKlgGFZ5guh1q3AGt6PcM=
3ebf4c0ce9e398366327cbf1c3431e7f61aaa888ce0adbeb59f03df159238d36,axR3fO0PrvMgw+fed7vSxeWhdr2aseJwtoKQSx67cn5FV1IhoXmrtz3MnrCqkwyGH9fjxMk+bgs2nSnfwNYTcheGqe/h8f8+lMbvbkBEXwo=
4a5699fe41c0dbcd1c40382e391cbad29ec8093a96640686b46fa782d540c245,cZDUjbbOv+7ei3XN/TZ0cKK7w03hZFM02wqshaIUYZ0l1qJU1tPsZM8KksKl02v2fFwIYWcqO/J8SLmq2SZGB9ZzwhqNEz2ALI6wXQbWgrQ=
35ebaa73f14ac2295c7a131063d512484d4a09d7f1c18146ecd0d8134b1a4082,cUHNJ/yx4+/IK2/GgUYGR6IpYnOtKmlWJTv2v8mA4bbokyi8OZO1RcLx2Fvz5tOBMRU/y5d3fByVANPreCcSWMzUYo3wEmHB+G3u2JJilYI=
2223209026b83e41d5368f2925b596259e53c345e442ae089359b770b37a6736,JTI1xLG7awk9zM/eQaxNGR3OP5Sj2C20dgC7KXrz8IhmnPGL4hD2qlHriVD/pk7W7Ycij7Vr+ddojREMgi6kIvLdBYfZ5YksAW353s+hrII=
cd2f511643d0c2e5b6b2e4523d15609997853488a6f6366faebc3d79e70c0610,kaMIWRSdctx9kQLQuoAR3CJcxMBwTF3LfLOIT2waWpAXTu5B+uHdG1do+UlOuEOB8quV9EPkbl7AlOZhpkCG6TU58qUOuT5SmqO7UthLFMw=
30a24dd7513b8f61ea29558786f8dda367e22179eb91f9415f23e5818f6c9784,vDXpsO5JgWSEeb49uvlAjj7KT7NvJE5lBxWBNbZAud8CO1FIhwRgkETT/MH+n46t4Ig3qbTUZEYNkAdfi3k+nXPqNPICO1+mkz+j/JAwBpc=
63c7e68065296a15e051b73319eaf12c89fdf51c72c9e0a52f04692f5daa0d1c,TFFX6Af6WHNvV6RNe8tsXaJVUsG8C+ArsF7vbIPmYlbvRv75AdAMpIRPKonC8iDPb9+H6q5nOlhnjgymH431R2HWEdfZCs6qBV/tNVL+e6s=
6487ab6606a885a77e892b17f5fdccde3b9dc3bd9859d0777b0f0c4098d30c6a,prebdnTWJmeo97iLWZcZhiSkNmC7vBULfPG6Edk/S1fG0i2ofURKxJeadDiNzJS3bVTgK7N7nUSn/KLkT8gCQkqeh8DOTkUqKYhnUoVShww=
1a2c3f1f68c203511cba6e7d48e3601c8c513408eb6e0ed160be6434ef52b77e,fKimnYGA/iuqMG4mC03JPhizAI8qyOcrYmWS0gbav1foMFegYDEc3B9hhC20sVxb/JIlBsRdNP3efbnMXhTCQFYeeS/NLHbxavHC9ba6Na8=
868be15bafb9ae18d90bd8422363240de828fe39b5720fd30e58fa6cd573e55d,h8OCQwfNfqr8mgtg3XMU3fhSlLQwMHo3Qvud9l3e+0xQi1hlPKE7mbT+Xx5hUZOsIr7HMKDG8KfATpB9tCj0qLuMpvo+oxEtsBFQpBq0pZE=
1f316b38a09d7dea983fc25451cbbb7bc60362f3e89bb75a7044ea5a89281894,P8SsvczHitj4ZkKsiZqEm7BOjjipAHVZT3cSOZUvTvH8Yk3Dgg4Ch6zu23xEe8vJ7D2TBrV2YPxvS0RjH3EotZPIz/A1qPBdzNtZPeuohvA=
1c4d73cedbcca52cfa188ef083f6fb3607a88c1f8c0787b5b9e28b9c5bf64912,Ktfo5vvG2XKXDJytnGvq0k7v7gwiVcVEjmpJyp/ka81nfv9gb70yDYXaex6Yc9/X1iIaGcbCcgwr4zLqXg4MfF6fl1M3MeLmmCLg8FjIQWE=
2a5e7aff9a9d7c6b2c670fb325a18e705f5a4b59a4934919797eeaf40228f2ab,B5gEbhdyYGrcHnwsDcph9YY2/CC0ZeMAOCFEHKgEeYT3creGYrw8qK/oh4S2enr4Rqhz8UT5yZzM4/AU0DeCl9CJ2hQKY+QtNtkg1SDA4iM=
a384b832da8d0e86b9ef4fd67630b691285ef02facaf20b4d07f84af778b2b01,/g3Vltka97SviV7/BFTzGnk6jwdHqwsI1q2XY672er9RLX4jiLGknzgyhFosEohg+EWhvg6SUNcP4Dbr677y85+AQ762PY8Y0vpI7ZYpgm8=
cf4260d2ba6591e13c6f403353852844ac43380ae675a2a4758cc967a1f6cbb1,FRgy+MHqMlNjYbvH9TriZrEWaFTz2bM4Zc/0bD+Zl36oykFny3DzN5tdcwXcnfVAkL6Xk2c0I86FQqdUWmYyYCVSbixD62JPcLNYme+1Z1A=
24ff71e1cd6e42ecc9fb70185e1f653c86148d3f6a1194547a95a0c06cd22372,Eb2YrJZtdAd4pURPHXDdAkek/zP7CL7Btm9B/mFKKaSZV/lbqKwuDBBmH8X9T3JxwnhHGO8A9NYiz/CdTXESr/jKcVgKANVe9aJBKYbCcNk=